model,dataset,seed,qini,qini_ci_lower,qini_ci_upper,auuc,auuc_raw,auuc_normalized,uplift_at_10,uplift_at_20,uplift_at_30,overlap_ess_ratio,overlap_pct_below_clip,overlap_pct_above_clip
s_learner,criteo,42,0.09861447306595017,0.06727224666111596,0.1269501643243538,0.7833636919257269,0.03168765903404544,0.7833636919257269,0.06738161762919409,0.04359472837982792,0.031357250399796824,0.5063461983945392,0.0,8.666724444829632e-05
t_learner,criteo,42,0.09433528474319094,0.06658816506810068,0.12356729415390186,0.6755745699862808,0.027327506809987353,0.6755745699862808,0.0648593675018212,0.04332604729544326,0.032426258061346566,0.5063461983945392,0.0,8.666724444829632e-05
x_learner,criteo,42,0.0902688853012336,0.05845997917771278,0.11824236028400976,0.7278573969746777,0.029442387052741045,0.7278573969746777,0.06479121448807734,0.03882622641995173,0.029894130244188577,0.5063461983945392,0.0,8.666724444829632e-05
r_learner,criteo,42,0.09690169696119037,0.06339910157435577,0.12377082215565452,0.7149829783883014,0.028921606997919014,0.7149829783883014,0.06551999723840177,0.04302183039497326,0.03212272173780674,0.5063461983945392,0.0,8.666724444829632e-05
dr_learner,criteo,42,0.09294650317534298,0.059369357129473804,0.11794498927848551,0.7416332823527794,0.029999632127095048,0.7416332823527794,0.06373011081416818,0.04058898045431597,0.031277114573526096,0.5063461983945392,0.0,8.666724444829632e-05
class_transformation,criteo,42,0.06693051585758793,0.037963139103469976,0.08891914773695309,0.702457115490504,0.02841492628664316,0.702457115490504,0.0559519519438835,0.03810288266009887,0.027426917476431112,0.5063461983945392,0.0,8.666724444829632e-05
causal_forest,criteo,42,0.09130094844333768,0.06191549896881527,0.12098413577553575,0.6886486325725377,0.027856362616930162,0.6886486325725377,0.064408121028662,0.04182496752989087,0.03206985691499066,0.5063461983945392,0.0,8.666724444829632e-05
