model,dataset,seed,qini,qini_ci_lower,qini_ci_upper,auuc,auuc_raw,auuc_normalized,uplift_at_10,uplift_at_20,uplift_at_30,overlap_ess_ratio,overlap_pct_below_clip,overlap_pct_above_clip
s_learner,criteo,42,0.0035526971863193363,0.0024904983692981652,0.004471106325832769,0.776950416025828,0.031428237130653826,0.776950416025828,0.06769993204102467,0.044266638245122364,0.03084687854394312,0.5063461983945392,0.0,8.666724444829632e-05
t_learner,criteo,42,0.0033569903856067044,0.0023915675393937044,0.004312884143374278,0.6365839886931673,0.025750308047407286,0.6365839886931673,0.06742279699719916,0.043825117729519025,0.031636671319472384,0.5063461983945392,0.0,8.666724444829632e-05
x_learner,criteo,42,0.003227289064902143,0.002159685809640827,0.004248567742410208,0.6876151198140004,0.027814556237291403,0.6876151198140004,0.0677764271513687,0.042199027970174496,0.030901352277507815,0.5063461983945392,0.0,8.666724444829632e-05
r_learner,criteo,42,0.0036108153793879714,0.0025898899104374157,0.004521970529689241,0.6881274597913719,0.02783528078028439,0.6881274597913719,0.06653706099627343,0.04113875031526637,0.033120810802157494,0.5063461983945392,0.0,8.666724444829632e-05
dr_learner,criteo,42,0.003054032513641833,0.0020175608883693068,0.003971186522250852,0.7193670255680565,0.0290989450513074,0.7193670255680565,0.06049889122516747,0.04037306284741313,0.029430441690876996,0.5063461983945392,0.0,8.666724444829632e-05
class_transformation,criteo,42,0.002134556965002309,0.0012719329727340237,0.003047016585048704,0.6402917072403562,0.025900288091578984,0.6402917072403562,0.06164371670450275,0.035932130449960756,0.026868582296504323,0.5063461983945392,0.0,8.666724444829632e-05
causal_forest,criteo,42,0.0032570962548849553,0.0022317891270692974,0.0043157329530933266,0.6886473745105468,0.027856311727362748,0.6886473745105468,0.06427798518697053,0.04186376180385604,0.03201548584119364,0.5063461983945392,0.0,8.666724444829632e-05
